{"2010":{"0":{"State":"AP","2010_2100":32.42,"2010_700":54.19632773,"Average":43.308163865},"1":{"State":"AS","2010_2100":2.75,"2010_700":24.78768151,"Average":13.768840755},"2":{"State":"BR","2010_2100":3.22,"2010_700":9.275847208,"Average":6.247923604},"3":{"State":"DL","2010_2100":385.55,"2010_700":438.2444599,"Average":411.89722995},"4":{"State":"GJ","2010_2100":36.31,"2010_700":75.94205452,"Average":56.12602726},"5":{"State":"HR","2010_2100":18.11,"2010_700":35.77487754,"Average":26.94243877},"6":{"State":"HP","2010_2100":10.59,"2010_700":43.03305641,"Average":26.811528205},"7":{"State":"JK","2010_2100":4.83,"2010_700":19.59139895,"Average":12.210699475},"8":{"State":"KA","2010_2100":52.03,"2010_700":57.60722101,"Average":54.818610505},"9":{"State":"KL","2010_2100":17.75,"2010_700":44.84404897,"Average":31.297024485},"10":{"State":"KO","2010_2100":69.43,"2010_700":179.723158,"Average":124.576579},"11":{"State":"MH","2010_2100":5.48,"2010_700":16.59317882,"Average":11.03658941},"12":{"State":"MP","2010_2100":35.95,"2010_700":85.94761797,"Average":60.948808985},"13":{"State":"MB","2010_2100":318.96,"2010_700":276.781929,"Average":297.8709645},"14":{"State":"OR","2010_2100":4.74,"2010_700":17.55848414,"Average":11.14924207},"15":{"State":"PB","2010_2100":22.89,"2010_700":51.75035061,"Average":37.320175305},"16":{"State":"RJ","2010_2100":9.78,"2010_700":26.21148024,"Average":17.99574012},"17":{"State":"TN","2010_2100":42.23,"2010_700":61.33308279,"Average":51.781541395},"18":{"State":"UP","2010_2100":7.54,"2010_700":22.45318982,"Average":14.99659491},"19":{"State":"UT","2010_2100":9.67,"2010_700":17.0711717,"Average":13.37058585},"20":{"State":"WB","2010_2100":2.67,"2010_700":9.338190056,"Average":6.004095028},"21":{"State":"AR","2010_2100":0.0,"2010_700":15.48960577,"Average":7.744802885},"22":{"State":"MN","2010_2100":113.39,"2010_700":15.48960577,"Average":64.439802885},"23":{"State":"ML","2010_2100":0.0,"2010_700":15.48960577,"Average":7.744802885},"24":{"State":"MZ","2010_2100":0.0,"2010_700":15.48960577,"Average":7.744802885},"25":{"State":"NL","2010_2100":0.0,"2010_700":15.48960577,"Average":7.744802885},"26":{"State":"SK","2010_2100":0.0,"2010_700":15.48960577,"Average":7.744802885},"27":{"State":"TR","2010_2100":0.0,"2010_700":15.48960577,"Average":7.744802885},"28":{"State":"AN","2010_2100":0.0,"2010_700":9.338190056,"Average":4.669095028}},"2012":{"0":{"State":"AP","2012_1800":26.35,"Average":26.35},"1":{"State":"AS","2012_1800":2.24,"Average":2.24},"2":{"State":"BR","2012_1800":2.86,"Average":2.86},"3":{"State":"DL","2012_1800":null,"Average":null},"4":{"State":"GJ","2012_1800":29.51,"Average":29.51},"5":{"State":"HR","2012_1800":14.72,"Average":14.72},"6":{"State":"HP","2012_1800":8.61,"Average":8.61},"7":{"State":"JK","2012_1800":3.92,"Average":3.92},"8":{"State":"KA","2012_1800":null,"Average":null},"9":{"State":"KL","2012_1800":14.43,"Average":14.43},"10":{"State":"KO","2012_1800":56.43,"Average":56.43},"11":{"State":"MH","2012_1800":4.45,"Average":4.45},"12":{"State":"MP","2012_1800":29.22,"Average":29.22},"13":{"State":"MB","2012_1800":null,"Average":null},"14":{"State":"OR","2012_1800":3.85,"Average":3.85},"15":{"State":"PB","2012_1800":18.6,"Average":18.6},"16":{"State":"RJ","2012_1800":null,"Average":null},"17":{"State":"TN","2012_1800":34.32,"Average":34.32},"18":{"State":"UP","2012_1800":6.13,"Average":6.13},"19":{"State":"UT","2012_1800":7.86,"Average":7.86},"20":{"State":"WB","2012_1800":9.02,"Average":9.02},"21":{"State":"AR","2012_1800":0.0,"Average":0.0},"22":{"State":"MN","2012_1800":0.0,"Average":0.0},"23":{"State":"ML","2012_1800":0.0,"Average":0.0},"24":{"State":"MZ","2012_1800":0.0,"Average":0.0},"25":{"State":"NL","2012_1800":0.0,"Average":0.0},"26":{"State":"SK","2012_1800":0.0,"Average":0.0},"27":{"State":"TR","2012_1800":0.0,"Average":0.0},"28":{"State":"AN","2012_1800":0.0,"Average":0.0}},"2013":{"0":{"State":"AP","2013_800":null,"Average":null},"1":{"State":"AS","2013_800":null,"Average":null},"2":{"State":"BR","2013_800":null,"Average":null},"3":{"State":"DL","2013_800":200.84,"Average":200.84},"4":{"State":"GJ","2013_800":18.96,"Average":18.96},"5":{"State":"HR","2013_800":null,"Average":null},"6":{"State":"HP","2013_800":null,"Average":null},"7":{"State":"JK","2013_800":null,"Average":null},"8":{"State":"KA","2013_800":null,"Average":null},"9":{"State":"KL","2013_800":9.25,"Average":9.25},"10":{"State":"KO","2013_800":36.17,"Average":36.17},"11":{"State":"MH","2013_800":null,"Average":null},"12":{"State":"MP","2013_800":null,"Average":null},"13":{"State":"MB","2013_800":null,"Average":null},"14":{"State":"OR","2013_800":null,"Average":null},"15":{"State":"PB","2013_800":null,"Average":null},"16":{"State":"RJ","2013_800":null,"Average":null},"17":{"State":"TN","2013_800":22.0,"Average":22.0},"18":{"State":"UP","2013_800":null,"Average":null},"19":{"State":"UT","2013_800":5.04,"Average":5.04},"20":{"State":"WB","2013_800":null,"Average":null},"21":{"State":"AR","2013_800":null,"Average":null},"22":{"State":"MN","2013_800":null,"Average":null},"23":{"State":"ML","2013_800":null,"Average":null},"24":{"State":"MZ","2013_800":null,"Average":null},"25":{"State":"NL","2013_800":null,"Average":null},"26":{"State":"SK","2013_800":null,"Average":null},"27":{"State":"TR","2013_800":null,"Average":null},"28":{"State":"AN","2013_800":null,"Average":null}},"2014":{"0":{"State":"AP","2014_900":null,"2014_1800":18.2,"Average":18.2},"1":{"State":"AS","2014_900":null,"2014_1800":11.33,"Average":11.33},"2":{"State":"BR","2014_900":null,"2014_1800":3.22,"Average":3.22},"3":{"State":"DL","2014_900":407.17,"2014_1800":200.03,"Average":303.6},"4":{"State":"GJ","2014_900":null,"2014_1800":37.94,"Average":37.94},"5":{"State":"HR","2014_900":null,"2014_1800":10.39,"Average":10.39},"6":{"State":"HP","2014_900":null,"2014_1800":8.07,"Average":8.07},"7":{"State":"JK","2014_900":null,"2014_1800":4.6,"Average":4.6},"8":{"State":"KA","2014_900":null,"2014_1800":24.13,"Average":24.13},"9":{"State":"KL","2014_900":null,"2014_1800":13.96,"Average":13.96},"10":{"State":"KO","2014_900":117.38,"2014_1800":44.03,"Average":80.705},"11":{"State":"MH","2014_900":null,"2014_1800":5.05,"Average":5.05},"12":{"State":"MP","2014_900":null,"2014_1800":39.24,"Average":39.24},"13":{"State":"MB","2014_900":261.5,"2014_1800":126.32,"Average":193.91},"14":{"State":"OR","2014_900":null,"2014_1800":3.7,"Average":3.7},"15":{"State":"PB","2014_900":null,"2014_1800":18.15,"Average":18.15},"16":{"State":"RJ","2014_900":null,"2014_1800":3.74,"Average":3.74},"17":{"State":"TN","2014_900":null,"2014_1800":28.35,"Average":28.35},"18":{"State":"UP","2014_900":null,"2014_1800":6.26,"Average":6.26},"19":{"State":"UT","2014_900":null,"2014_1800":8.44,"Average":8.44},"20":{"State":"WB","2014_900":null,"2014_1800":2.51,"Average":2.51},"21":{"State":"AR","2014_900":null,"2014_1800":0.0,"Average":0.0},"22":{"State":"MN","2014_900":null,"2014_1800":0.0,"Average":0.0},"23":{"State":"ML","2014_900":null,"2014_1800":0.0,"Average":0.0},"24":{"State":"MZ","2014_900":null,"2014_1800":0.0,"Average":0.0},"25":{"State":"NL","2014_900":null,"2014_1800":0.0,"Average":0.0},"26":{"State":"SK","2014_900":null,"2014_1800":0.0,"Average":0.0},"27":{"State":"TR","2014_900":null,"2014_1800":0.0,"Average":0.0},"28":{"State":"AN","2014_900":null,"2014_1800":0.0,"Average":0.0}},"2015":{"0":{"State":"AP","2015_800":67.65,"2015_900":75.99,"2015_1800":27.1,"2015_2100":null,"Average":56.9133333333},"1":{"State":"AS","2015_800":25.8,"2015_900":58.03,"2015_1800":null,"2015_2100":12.12,"Average":31.9833333333},"2":{"State":"BR","2015_800":6.42,"2015_900":33.27,"2015_1800":null,"2015_2100":null,"Average":19.845},"3":{"State":"DL","2015_800":465.83,"2015_900":null,"2015_1800":null,"2015_2100":null,"Average":465.83},"4":{"State":"GJ","2015_800":44.31,"2015_900":107.37,"2015_1800":37.97,"2015_2100":41.16,"Average":57.7025},"5":{"State":"HR","2015_800":21.76,"2015_900":58.16,"2015_1800":17.93,"2015_2100":17.7,